Bin ID,Account #,Location,Waste Stream,Container Size,Pickups Per Week,Service Days,Notes
202476-T1,202476,23RD AVE WAREHOUSE,Trash,3YD,1,THU,
202476-R1,202476,23RD AVE WAREHOUSE,Recycling,3YD,1,WED,
202476-O1,202476,23RD AVE WAREHOUSE,Organics,64GAL,1,THU,
201003-T1,201003,ALPINE,Trash,4YD,3,MON/WED/FRI,
201003-T2,201003,ALPINE,Trash,4YD,3,MON/WED/FRI,
201003-O1,201003,ALPINE,Organics,64GAL,1,TUE,
206802-T1,206802,ALUMNI CENTER TEMP,Trash,6YD,,,No regular schedule listed
206802-R1,206802,ALUMNI CENTER TEMP,Recycling,64GAL / 6YD,,,Size split between 64GAL and 6YD not listed; verify
206802-R2,206802,ALUMNI CENTER TEMP,Recycling,64GAL / 6YD,,,Size split between 64GAL and 6YD not listed; verify
206802-R3,206802,ALUMNI CENTER TEMP,Recycling,64GAL / 6YD,,,Size split between 64GAL and 6YD not listed; verify
206802-R4,206802,ALUMNI CENTER TEMP,Recycling,64GAL / 6YD,,,Size split between 64GAL and 6YD not listed; verify
206802-R5,206802,ALUMNI CENTER TEMP,Recycling,64GAL / 6YD,,,Size split between 64GAL and 6YD not listed; verify
206802-R6,206802,ALUMNI CENTER TEMP,Recycling,64GAL / 6YD,,,Size split between 64GAL and 6YD not listed; verify
206802-R7,206802,ALUMNI CENTER TEMP,Recycling,64GAL / 6YD,,,Size split between 64GAL and 6YD not listed; verify
206802-R8,206802,ALUMNI CENTER TEMP,Recycling,64GAL / 6YD,,,Size split between 64GAL and 6YD not listed; verify
206802-R9,206802,ALUMNI CENTER TEMP,Recycling,64GAL / 6YD,,,Size split between 64GAL and 6YD not listed; verify
206802-R10,206802,ALUMNI CENTER TEMP,Recycling,64GAL / 6YD,,,Size split between 64GAL and 6YD not listed; verify
206802-R11,206802,ALUMNI CENTER TEMP,Recycling,64GAL / 6YD,,,Size split between 64GAL and 6YD not listed; verify
206802-R12,206802,ALUMNI CENTER TEMP,Recycling,64GAL / 6YD,,,Size split between 64GAL and 6YD not listed; verify
206802-R13,206802,ALUMNI CENTER TEMP,Recycling,64GAL / 6YD,,,Size split between 64GAL and 6YD not listed; verify
206802-R14,206802,ALUMNI CENTER TEMP,Recycling,64GAL / 6YD,,,Size split between 64GAL and 6YD not listed; verify
206802-R15,206802,ALUMNI CENTER TEMP,Recycling,64GAL / 6YD,,,Size split between 64GAL and 6YD not listed; verify
206802-R16,206802,ALUMNI CENTER TEMP,Recycling,64GAL / 6YD,,,Size split between 64GAL and 6YD not listed; verify
206802-R17,206802,ALUMNI CENTER TEMP,Recycling,64GAL / 6YD,,,Size split between 64GAL and 6YD not listed; verify
206802-R18,206802,ALUMNI CENTER TEMP,Recycling,64GAL / 6YD,,,Size split between 64GAL and 6YD not listed; verify
206802-R19,206802,ALUMNI CENTER TEMP,Recycling,64GAL / 6YD,,,Size split between 64GAL and 6YD not listed; verify
206802-R20,206802,ALUMNI CENTER TEMP,Recycling,64GAL / 6YD,,,Size split between 64GAL and 6YD not listed; verify
206802-R21,206802,ALUMNI CENTER TEMP,Recycling,64GAL / 6YD,,,Size split between 64GAL and 6YD not listed; verify
206802-O1,206802,ALUMNI CENTER TEMP,Organics,64GAL,,,No regular schedule listed
206802-O2,206802,ALUMNI CENTER TEMP,Organics,64GAL,,,No regular schedule listed
206802-O3,206802,ALUMNI CENTER TEMP,Organics,64GAL,,,No regular schedule listed
206802-O4,206802,ALUMNI CENTER TEMP,Organics,64GAL,,,No regular schedule listed
206802-O5,206802,ALUMNI CENTER TEMP,Organics,64GAL,,,No regular schedule listed
206802-O6,206802,ALUMNI CENTER TEMP,Organics,64GAL,,,No regular schedule listed
206802-O7,206802,ALUMNI CENTER TEMP,Organics,64GAL,,,No regular schedule listed
206802-O8,206802,ALUMNI CENTER TEMP,Organics,64GAL,,,No regular schedule listed
206802-O9,206802,ALUMNI CENTER TEMP,Organics,64GAL,,,No regular schedule listed
206802-O10,206802,ALUMNI CENTER TEMP,Organics,64GAL,,,No regular schedule listed
206802-O11,206802,ALUMNI CENTER TEMP,Organics,64GAL,,,No regular schedule listed
206802-O12,206802,ALUMNI CENTER TEMP,Organics,64GAL,,,No regular schedule listed
206802-O13,206802,ALUMNI CENTER TEMP,Organics,64GAL,,,No regular schedule listed
206802-O14,206802,ALUMNI CENTER TEMP,Organics,64GAL,,,No regular schedule listed
206802-O15,206802,ALUMNI CENTER TEMP,Organics,64GAL,,,No regular schedule listed
206802-O16,206802,ALUMNI CENTER TEMP,Organics,64GAL,,,No regular schedule listed
206802-O17,206802,ALUMNI CENTER TEMP,Organics,64GAL,,,No regular schedule listed
206802-O18,206802,ALUMNI CENTER TEMP,Organics,64GAL,,,No regular schedule listed
206802-O19,206802,ALUMNI CENTER TEMP,Organics,64GAL,,,No regular schedule listed
206802-O20,206802,ALUMNI CENTER TEMP,Organics,64GAL,,,No regular schedule listed
201005-T1,201005,AMADOR,Trash,4YD,2,THU/FRI,
201005-R1,201005,AMADOR,Recycling,4YD,1,WED,
201005-O1,201005,AMADOR,Organics,64GAL,1,TUE,
201033-T1,201033,AMC NORTH,Trash,4YD,4,MON/TUE/THU/FRI,
201033-T2,201033,AMC NORTH,Trash,4YD,4,MON/TUE/THU/FRI,
201033-R1,201033,AMC NORTH,Recycling,4YD,3,MON/WED/FRI,
201033-O1,201033,AMC NORTH,Organics,64GAL,1,TUE,
201033-O2,201033,AMC NORTH,Organics,64GAL,1,TUE,
201034-T1,201034,AMC SOUTH,Trash,3YD,4,MON/TUE/THU/FRI,
201034-T2,201034,AMC SOUTH,Trash,3YD,4,MON/TUE/THU/FRI,
201034-T3,201034,AMC SOUTH,Trash,3YD,4,MON/TUE/THU/FRI,
201034-R1,201034,AMC SOUTH,Recycling,3YD,3,MON/WED/FRI,
201034-R2,201034,AMC SOUTH,Recycling,3YD,3,MON/WED/FRI,
173577-T1,173577,AQUATIC CENTER,Trash,4YD,2,MON/FRI,
173577-R1,173577,AQUATIC CENTER,Recycling,4YD,1,THU,
173577-O1,173577,AQUATIC CENTER,Organics,64GAL,1,THU,
201006-O1,201006,ARBORETUM,Organics,4YD,2,TUE/THU,Marked * on the service overview
203596-T1,203596,ARBORETUM TEMP,Trash,4YD,2,TUE/THU,
201007-T1,201007,ART SCULPTURE LAB,Trash,4YD,2,TUE/FRI,
201007-R1,201007,ART SCULPTURE LAB,Recycling,4YD,1,,No service day listed
201007-O1,201007,ART SCULPTURE LAB,Organics,64GAL,1,,No service day listed
206805-T1,206805,ASSOC STUDENT/CHIL,Trash,4YD,2,TUE/THU,
206805-R1,206805,ASSOC STUDENT/CHIL,Recycling,3YD,1,FRI,
201008-T1,201008,ATHLETIC CENTER (FORM. STUDENT HEALTH),Trash,4YD,2,TUE/FRI,
201008-R1,201008,ATHLETIC CENTER (FORM. STUDENT HEALTH),Recycling,4YD,1,WED,
201008-O1,201008,ATHLETIC CENTER (FORM. STUDENT HEALTH),Organics,64GAL,1,TUE,
204226-T1,204226,BAC YARD,Trash,96GAL,1,THU,
204226-O1,204226,BAC YARD,Organics,64GAL,1,TUE,
212579-T1,212579,BASKETBALL FACILIT,Trash,4YD,1,WED,
212579-R1,212579,BASKETBALL FACILIT,Recycling,4YD,1,MON,
212579-O1,212579,BASKETBALL FACILIT,Organics,64GAL,1,THU,
202469-R1,202469,BOOKSTORE,Recycling,4YD,3,MON/WED/FRI,
202469-O1,202469,BOOKSTORE,Organics,64GAL,1,TUE,
202471-T1,202471,BOOKSTORE RO,Trash,15YD,1,WED,
201009-T1,201009,BRIGHTON,Trash,4YD,3,MON/WED/FRI,
201009-R1,201009,BRIGHTON,Recycling,4YD,1,WED,
201009-O1,201009,BRIGHTON,Organics,64GAL,1,TUE,
201012-T1,201012,BROAD FIELD HOUSE (ATHLETICS),Trash,4YD,3,MON/WED/FRI,
201012-T2,201012,BROAD FIELD HOUSE (ATHLETICS),Trash,4YD,3,MON/WED/FRI,
201012-R1,201012,BROAD FIELD HOUSE (ATHLETICS),Recycling,4YD,2,MON/WED,
201012-O1,201012,BROAD FIELD HOUSE (ATHLETICS),Organics,64GAL,1,TUE,
205898-T1,205898,BSE ENG CENTRAL,Trash,40YD,,,No regular schedule listed
205898-T2,205898,BSE ENG CENTRAL,Trash,40YD,,,No regular schedule listed
201010-T1,201010,CAPISTRANO,Trash,4YD,2,TUE/FRI,
201010-R1,201010,CAPISTRANO,Recycling,4YD,1,WED,
201010-O1,201010,CAPISTRANO,Organics,64GAL,1,TUE,
201032-T1,201032,DESMOND HALL,Trash,4YD,4,MON/TUE/THU/FRI,
201032-R1,201032,DESMOND HALL,Recycling,4YD,2,TUE/THU,
201032-O1,201032,DESMOND HALL,Organics,64GAL,1,TUE,
202433-T1,202433,DINING COMMONS,Trash,4YD,3,MON/WED/FRI,
202433-R1,202433,DINING COMMONS,Recycling,8YD,3,MON/WED/FRI,
202433-R2,202433,DINING COMMONS,Recycling,8YD,3,MON/WED/FRI,
202431-O1,202431,DINING COMMONS RO,Organics,20YD,1,TUE,
190408-T1,190408,DOWNTOWN CAMPUS,Trash,2YD,2,TUE/FRI,
190408-R1,190408,DOWNTOWN CAMPUS,Recycling,90GAL,1,TUE,
190408-O1,190408,DOWNTOWN CAMPUS,Organics,64GAL,4,TUE,Frequency and service days don't match; verify
201030-T1,201030,DRAPER HALL,Trash,4YD,4,MON/TUE/THU/FRI,
201030-R1,201030,DRAPER HALL,Recycling,4YD,2,MON/WED,
201030-O1,201030,DRAPER HALL,Organics,64GAL,1,TUE,
201011-T1,201011,FACILITIES MANAGEMENT,Trash,4YD,1,WED,
201011-T2,201011,FACILITIES MANAGEMENT,Trash,4YD,1,WED,
201011-O1,201011,FACILITIES MANAGEMENT,Organics,64GAL,1,TUE,
211404-T1,211404,FACILITY MGT TEMP,Trash,90GAL,,,No regular schedule listed
211404-T2,211404,FACILITY MGT TEMP,Trash,90GAL,,,No regular schedule listed
211404-T3,211404,FACILITY MGT TEMP,Trash,90GAL,,,No regular schedule listed
211404-T4,211404,FACILITY MGT TEMP,Trash,90GAL,,,No regular schedule listed
211404-T5,211404,FACILITY MGT TEMP,Trash,90GAL,,,No regular schedule listed
211404-T6,211404,FACILITY MGT TEMP,Trash,90GAL,,,No regular schedule listed
211404-T7,211404,FACILITY MGT TEMP,Trash,90GAL,,,No regular schedule listed
211404-T8,211404,FACILITY MGT TEMP,Trash,90GAL,,,No regular schedule listed
211404-T9,211404,FACILITY MGT TEMP,Trash,90GAL,,,No regular schedule listed
211404-T10,211404,FACILITY MGT TEMP,Trash,90GAL,,,No regular schedule listed
211404-R1,211404,FACILITY MGT TEMP,Recycling,90GAL,,,No regular schedule listed
211404-R2,211404,FACILITY MGT TEMP,Recycling,90GAL,,,No regular schedule listed
211404-R3,211404,FACILITY MGT TEMP,Recycling,90GAL,,,No regular schedule listed
211404-R4,211404,FACILITY MGT TEMP,Recycling,90GAL,,,No regular schedule listed
211404-R5,211404,FACILITY MGT TEMP,Recycling,90GAL,,,No regular schedule listed
211404-R6,211404,FACILITY MGT TEMP,Recycling,90GAL,,,No regular schedule listed
211404-R7,211404,FACILITY MGT TEMP,Recycling,90GAL,,,No regular schedule listed
211404-R8,211404,FACILITY MGT TEMP,Recycling,90GAL,,,No regular schedule listed
211404-R9,211404,FACILITY MGT TEMP,Recycling,90GAL,,,No regular schedule listed
211404-R10,211404,FACILITY MGT TEMP,Recycling,90GAL,,,No regular schedule listed
211404-O1,211404,FACILITY MGT TEMP,Organics,90GAL,,,No regular schedule listed
211404-O2,211404,FACILITY MGT TEMP,Organics,90GAL,,,No regular schedule listed
211404-O3,211404,FACILITY MGT TEMP,Organics,90GAL,,,No regular schedule listed
211404-O4,211404,FACILITY MGT TEMP,Organics,90GAL,,,No regular schedule listed
211404-O5,211404,FACILITY MGT TEMP,Organics,90GAL,,,No regular schedule listed
211404-O6,211404,FACILITY MGT TEMP,Organics,90GAL,,,No regular schedule listed
211404-O7,211404,FACILITY MGT TEMP,Organics,90GAL,,,No regular schedule listed
211404-O8,211404,FACILITY MGT TEMP,Organics,90GAL,,,No regular schedule listed
211404-O9,211404,FACILITY MGT TEMP,Organics,90GAL,,,No regular schedule listed
211404-O10,211404,FACILITY MGT TEMP,Organics,90GAL,,,No regular schedule listed
201046-T1,201046,FM TRAILERS,Trash,5YD,5,MON-FRI,
201046-T2,201046,FM TRAILERS,Trash,5YD,5,MON-FRI,
201046-T3,201046,FM TRAILERS,Trash,5YD,5,MON-FRI,
201046-T4,201046,FM TRAILERS,Trash,5YD,5,MON-FRI,
201046-T5,201046,FM TRAILERS,Trash,5YD,5,MON-FRI,
201046-O1,201046,FM TRAILERS,Organics,5YD,5,MON-FRI,
201046-O2,201046,FM TRAILERS,Organics,5YD,5,MON-FRI,
201046-O3,201046,FM TRAILERS,Organics,5YD,5,MON-FRI,
201046-O4,201046,FM TRAILERS,Organics,5YD,5,MON-FRI,
201046-O5,201046,FM TRAILERS,Organics,5YD,5,MON-FRI,
201046-O6,201046,FM TRAILERS,Organics,5YD,5,MON-FRI,
201046-O7,201046,FM TRAILERS,Organics,5YD,5,MON-FRI,
201046-O8,201046,FM TRAILERS,Organics,5YD,5,MON-FRI,
201046-O9,201046,FM TRAILERS,Organics,5YD,5,MON-FRI,
201046-O10,201046,FM TRAILERS,Organics,5YD,5,MON-FRI,
201046-O11,201046,FM TRAILERS,Organics,5YD,5,MON-FRI,
201046-O12,201046,FM TRAILERS,Organics,5YD,5,MON-FRI,
206878-T1,206878,FM TRAILERS/FTBALL,Trash,5YD,1,FRI,
206878-T2,206878,FM TRAILERS/FTBALL,Trash,5YD,1,FRI,
206878-T3,206878,FM TRAILERS/FTBALL,Trash,5YD,1,FRI,
206878-T4,206878,FM TRAILERS/FTBALL,Trash,5YD,1,FRI,
206878-T5,206878,FM TRAILERS/FTBALL,Trash,5YD,1,FRI,
206878-O1,206878,FM TRAILERS/FTBALL,Organics,5YD,1,TUE,
206878-O2,206878,FM TRAILERS/FTBALL,Organics,5YD,1,TUE,
206878-O3,206878,FM TRAILERS/FTBALL,Organics,5YD,1,TUE,
206878-O4,206878,FM TRAILERS/FTBALL,Organics,5YD,1,TUE,
206878-O5,206878,FM TRAILERS/FTBALL,Organics,5YD,1,TUE,
202442-T1,202442,FOLSOM HALL,Trash,3YD,6,MON-SAT,
202442-T2,202442,FOLSOM HALL,Trash,3YD,6,MON-SAT,
202442-R1,202442,FOLSOM HALL,Recycling,3YD,3,MON/WED/FRI,
202442-R2,202442,FOLSOM HALL,Recycling,3YD,3,MON/WED/FRI,
202442-O1,202442,FOLSOM HALL,Organics,64GAL,1,TUE,
202334-T1,202334,HARPER ALUMNI CTR,Trash,4YD,1,WED,
202334-R1,202334,HARPER ALUMNI CTR,Recycling,4YD,1,WED,
202334-O1,202334,HARPER ALUMNI CTR,Organics,64GAL,1,TUE,
204542-T1,204542,HORNET NEST FEST,Trash,4YD,,,No regular schedule listed
204542-T2,204542,HORNET NEST FEST,Trash,4YD,,,No regular schedule listed
204542-T3,204542,HORNET NEST FEST,Trash,4YD,,,No regular schedule listed
204542-R1,204542,HORNET NEST FEST,Recycling,4YD,,,No regular schedule listed
204542-R2,204542,HORNET NEST FEST,Recycling,4YD,,,No regular schedule listed
204542-R3,204542,HORNET NEST FEST,Recycling,4YD,,,No regular schedule listed
204542-R4,204542,HORNET NEST FEST,Recycling,4YD,,,No regular schedule listed
204542-O1,204542,HORNET NEST FEST,Organics,4YD,,,No regular schedule listed
204542-O2,204542,HORNET NEST FEST,Organics,4YD,,,No regular schedule listed
204542-O3,204542,HORNET NEST FEST,Organics,4YD,,,No regular schedule listed
204542-O4,204542,HORNET NEST FEST,Organics,4YD,,,No regular schedule listed
204542-O5,204542,HORNET NEST FEST,Organics,4YD,,,No regular schedule listed
204542-O6,204542,HORNET NEST FEST,Organics,3YD,,,No regular schedule listed
204542-O7,204542,HORNET NEST FEST,Organics,3YD,,,No regular schedule listed
206804-T1,206804,HORNET STADIUM TM,Trash,6YD,,,No regular schedule listed
206804-R1,206804,HORNET STADIUM TM,Recycling,6YD,,,No regular schedule listed
206804-O1,206804,HORNET STADIUM TM,Organics,3YD,,,No regular schedule listed
206097-T1,206097,HOUSING-RIVERVIEW,Trash,20YD,,,No regular schedule listed
201035-T1,201035,HOUSINGRIVERVIEW E,Trash,4YD,4,MON/TUE/THU/FRI,
201035-T2,201035,HOUSINGRIVERVIEW E,Trash,4YD,4,MON/TUE/THU/FRI,
201035-R1,201035,HOUSINGRIVERVIEW E,Recycling,4YD,3,MON/WED/FRI,
201035-R2,201035,HOUSINGRIVERVIEW E,Recycling,4YD,3,MON/WED/FRI,
201013-T1,201013,KADEMA/LASSEN,Trash,4YD,2,TUE/FRI,
201013-T2,201013,KADEMA/LASSEN,Trash,4YD,2,TUE/FRI,
201013-T3,201013,KADEMA/LASSEN,Trash,4YD,2,TUE/FRI,
201013-T4,201013,KADEMA/LASSEN,Trash,4YD,2,TUE/FRI,
201013-R1,201013,KADEMA/LASSEN,Recycling,4YD,1,WED,
201013-R2,201013,KADEMA/LASSEN,Recycling,4YD,1,WED,
201013-O1,201013,KADEMA/LASSEN,Organics,64GAL,1,TUE,
201029-T1,201029,KLAMATH HALL,Trash,4YD,4,MON/TUE/THU/FRI,
201029-R1,201029,KLAMATH HALL,Recycling,4YD,2,MON/WED,
201029-O1,201029,KLAMATH HALL,Organics,64GAL,1,TUE,
201744-O1,201744,LIBRARY - BOOK REC,Organics,64GAL,1,TUE,
201744-O2,201744,LIBRARY - BOOK REC,Organics,64GAL,1,TUE,
204622-T1,204622,LIBRARY CP,Trash,25YD,1,THU,
201018-T1,201018,MARIPOSA,Trash,3YD,2,TUE/FRI,
201018-T2,201018,MARIPOSA,Trash,3YD,2,TUE/FRI,
201018-R1,201018,MARIPOSA,Recycling,3YD,1,TUE,
201018-R2,201018,MARIPOSA,Recycling,3YD,1,TUE,
201018-O1,201018,MARIPOSA,Organics,64GAL,1,TUE,
201019-T1,201019,MENDOCINO,Trash,8YD,3,MON/WED/FRI,
201019-R1,201019,MENDOCINO,Recycling,6YD,1,WED,
201019-O1,201019,MENDOCINO,Organics,64GAL,1,TUE,
202475-R1,202475,MODOC HALL,Recycling,4YD,3,MON/WED/FRI,
202475-O1,202475,MODOC HALL,Organics,4YD,1,TUE,
212635-T1,212635,MT WHITNEY,Trash,4YD,4,MON/TUE/THU/FRI,
212635-T2,212635,MT WHITNEY,Trash,4YD,4,MON/TUE/THU/FRI,
212635-T3,212635,MT WHITNEY,Trash,4YD,4,MON/TUE/THU/FRI,
212635-T4,212635,MT WHITNEY,Trash,4YD,4,MON/TUE/THU/FRI,
212635-T5,212635,MT WHITNEY,Trash,4YD,4,MON/TUE/THU/FRI,
212635-R1,212635,MT WHITNEY,Recycling,3YD,3,MON/WED/FRI,
212635-O1,212635,MT WHITNEY,Organics,64GAL,1,TUE,
212635-O2,212635,MT WHITNEY,Organics,64GAL,1,TUE,
202473-R1,202473,NAPA HALL,Recycling,4YD,1,WED,
202473-O1,202473,NAPA HALL,Organics,64GAL,1,TUE,
202472-T1,202472,NAPA HALL RO,Trash,15YD,1,WED,
157410-T1,157410,NIMBUS FLATS,Trash,40YD,,,No regular schedule listed
201037-T1,201037,PERM RO,Trash,6YD,,,No frequency listed
201037-T2,201037,PERM RO,Trash,25YD,1,TUE,Service overview lists frequency as '1 (25)'
201037-T3,201037,PERM RO,Trash,30YD,,,No frequency listed
201037-R1,201037,PERM RO,Recycling,30YD,,,No regular schedule listed
201020-T1,201020,PUBLIC SAFETY (INSIDE FENCE),Trash,4YD,2,TUE/FRI,
201020-R1,201020,PUBLIC SAFETY (INSIDE FENCE),Recycling,1YD,1,WED,
201020-O1,201020,PUBLIC SAFETY (INSIDE FENCE),Organics,64GAL,1,TUE,
201021-T1,201021,RECEIVING/MAIL/REPROGRAPHICS,Trash,4YD,2,TUE/FRI,
201021-R1,201021,RECEIVING/MAIL/REPROGRAPHICS,Recycling,4YD,1,WED,
201021-O1,201021,RECEIVING/MAIL/REPROGRAPHICS,Organics,64GAL,1,TUE,
202426-R1,202426,RIVERFRONT CR FL,Recycling,6YD,3,MON/WED/FRI,
202426-O1,202426,RIVERFRONT CR FL,Organics,3YD,1,TUE,
202427-T1,202427,RIVERFRONT CR RO,Trash,10YD,1,MON,
201022-T1,201022,RIVERSIDE ENGINEERING,Trash,4YD,2,TUE/FRI,
201022-T2,201022,RIVERSIDE ENGINEERING,Trash,4YD,2,TUE/FRI,
201022-R1,201022,RIVERSIDE ENGINEERING,Recycling,4YD,1,WED,
201022-O1,201022,RIVERSIDE ENGINEERING,Organics,64GAL,1,TUE,
201036-T1,201036,RIVERVIEW N,Trash,4YD,4,MON/TUE/THU/FRI,
201036-T2,201036,RIVERVIEW N,Trash,4YD,4,MON/TUE/THU/FRI,
201036-T3,201036,RIVERVIEW N,Trash,4YD,4,MON/TUE/THU/FRI,
201036-R1,201036,RIVERVIEW N,Recycling,4YD,3,MON/WED/FRI,
201036-O1,201036,RIVERVIEW N,Organics,4YD,1,TUE,
201023-T1,201023,SACRAMENTO,Trash,4YD,2,TUE/FRI,
201023-T2,201023,SACRAMENTO,Trash,4YD,2,TUE/FRI,
201023-R1,201023,SACRAMENTO,Recycling,4YD,1,WED,
201023-O1,201023,SACRAMENTO,Organics,64GAL,1,TUE,
201025-T1,201025,SEQUOIA,Trash,4YD,2,TUE/FRI,
201025-T2,201025,SEQUOIA,Trash,4YD,2,TUE/FRI,
201025-R1,201025,SEQUOIA,Recycling,8YD,1,WED,
201025-O1,201025,SEQUOIA,Organics,64GAL,1,TUE,
201024-T1,201024,SHASTA HALL,Trash,3YD,2,TUE/FRI,
201024-T2,201024,SHASTA HALL,Trash,3YD,2,TUE/FRI,
201024-R1,201024,SHASTA HALL,Recycling,3YD,1,WED,
201024-O1,201024,SHASTA HALL,Organics,64GAL,1,TUE,
201028-T1,201028,SIERRA HALL,Trash,4YD,4,MON/TUE/THU/FRI,
201028-R1,201028,SIERRA HALL,Recycling,4YD,2,MON/WED,
201028-O1,201028,SIERRA HALL,Organics,64GAL,1,TUE,
201026-T1,201026,TAHOE HALL,Trash,3YD,2,TUE/FRI,
201026-T2,201026,TAHOE HALL,Trash,3YD,2,TUE/FRI,
201026-T3,201026,TAHOE HALL,Trash,3YD,2,TUE/FRI,
201026-R1,201026,TAHOE HALL,Recycling,4YD,1,WED,
201026-O1,201026,TAHOE HALL,Organics,64GAL,1,TUE,
204885-T1,204885,TAILGATING LOT 8,Trash,4YD,,,No regular schedule listed
204885-R1,204885,TAILGATING LOT 8,Recycling,4YD,,,No regular schedule listed
204885-O1,204885,TAILGATING LOT 8,Organics,60GAL,,,No regular schedule listed
204885-O2,204885,TAILGATING LOT 8,Organics,60GAL,,,No regular schedule listed
204885-O3,204885,TAILGATING LOT 8,Organics,60GAL,,,No regular schedule listed
204885-O4,204885,TAILGATING LOT 8,Organics,60GAL,,,No regular schedule listed
204885-O5,204885,TAILGATING LOT 8,Organics,60GAL,,,No regular schedule listed
204885-O6,204885,TAILGATING LOT 8,Organics,60GAL,,,No regular schedule listed
204885-O7,204885,TAILGATING LOT 8,Organics,60GAL,,,No regular schedule listed
204885-O8,204885,TAILGATING LOT 8,Organics,60GAL,,,No regular schedule listed
204885-O9,204885,TAILGATING LOT 8,Organics,60GAL,,,No regular schedule listed
204885-O10,204885,TAILGATING LOT 8,Organics,60GAL,,,No regular schedule listed
202253-R1,202253,THE WELL FL,Recycling,4YD,,WED,No frequency listed
202253-O1,202253,THE WELL FL,Organics,90GAL,1,TUE,
202254-T1,202254,THE WELL RO,Trash,15YD,1,TUE,
201027-T1,201027,TSCHANNEN SCIENCE COMPLEX,Trash,4YD,2,TUE/FRI,
201027-R1,201027,TSCHANNEN SCIENCE COMPLEX,Recycling,4YD,1,WED,
201027-R2,201027,TSCHANNEN SCIENCE COMPLEX,Recycling,4YD,1,WED,
201027-O1,201027,TSCHANNEN SCIENCE COMPLEX,Organics,64GAL,1,TUE,
202432-T1,202432,UNIV UNION E.DOCK,Trash,10YD,1,MON,
202440-R1,202440,UNIV UNION E.DOCK,Recycling,6YD,3,MON/WED/FRI,
202440-O1,202440,UNIV UNION E.DOCK,Organics,64GAL,1,TUE,
202440-O2,202440,UNIV UNION E.DOCK,Organics,64GAL,1,TUE,
202251-R1,202251,UNIVERSITY UNION,Recycling,6YD,3,MON/WED/FRI,
202251-O1,202251,UNIVERSITY UNION,Organics,2YD,3,MON/TUE/FRI,
202252-T1,202252,UNIVERSITY UNION,Trash,30YD,1,TUE,
